codigo,tipo_despesa,valor,ano,cidade
11,VENCIMENTOS E VANTAGENS FIXAS - PESSOAL CIVIL,664707341.25,2007,Fortaleza
39,OUTROS SERVIÇOS DE TERCEIROS - PESSOA JURÍDICA,568908383.07,2007,Fortaleza
13,OBRIGAÇÕES PATRONAIS,154204010.58,2007,Fortaleza
37,LOCAÇÃO DE MÃO-DE-OBRA,118892999.56,2007,Fortaleza
51,OBRAS E INSTALAÇÕES,110634188.24,2007,Fortaleza
01,"APOSENTADORIAS DO RPPS, RESERVA REMUNERADA E REFORMAS DOS MILITARES",109448363.85,2007,Fortaleza
30,MATERIAL DE CONSUMO,76493451.98,2007,Fortaleza
34,OUTRAS DESPESAS DE PESSOAL DECORRENTES DE CONTRATOS DE TERCEIRIZAÇÃO,55228029.78,2007,Fortaleza
36,OUTROS SERVIÇOS DE TERCEIROS - PESSOA FÍSICA,42582187.14,2007,Fortaleza
03,PENSÕES DO RPPS E DO MILITAR,38111902.94,2007,Fortaleza
92,DESPESAS DE EXERCÍCIOS ANTERIORES,28176890.41,2007,Fortaleza
32,"MATERIAL, BEM OU SERVIÇO PARA DISTRIBUIÇÃO GRATUITA",27118355.06,2007,Fortaleza
47,OBRIGAÇÕES TRIBUTÁRIAS E CONTRIBUTIVAS,24355402.21,2007,Fortaleza
71,PRINCIPAL DA DÍVIDA CONTRATUAL RESGATADO,24193935.65,2007,Fortaleza
04,CONTRATAÇÃO POR TEMPO DETERMINADO,19818150.43,2007,Fortaleza
61,AQUISIÇÃO DE IMÓVEIS,19527509.08,2007,Fortaleza
52,EQUIPAMENTOS E MATERIAL PERMANENTE,19248568.69,2007,Fortaleza
43,SUBVENÇÕES SOCIAIS,18956898.67,2007,Fortaleza
21,JUROS SOBRE A DÍVIDA POR CONTRATO,18840128.82,2007,Fortaleza
41,CONTRIBUIÇÕES,16464352.69,2007,Fortaleza
91,SENTENÇAS JUDICIAIS,15583785.89,2007,Fortaleza
46,AUXÍLIO-ALIMENTAÇÃO,11874529.87,2007,Fortaleza
35,SERVIÇOS DE CONSULTORIA,8377075.01,2007,Fortaleza
65,CONSTITUIÇÃO OU AUMENTO DE CAPITAL DE EMPRESAS,3717023.16,2007,Fortaleza
96,RESSARCIMENTO DE DESPESAS DE PESSOAL REQUISITADO,3637067.45,2007,Fortaleza
42,AUXÍLIOS,2870221.2,2007,Fortaleza
31,"PREMIAÇÕES CULTURAIS, ARTÍSTICAS, CIENTÍFICAS, DESPORTIVAS E OUTRAS",2665714.57,2007,Fortaleza
16,OUTRAS DESPESAS VARIÁVEIS - PESSOAL CIVIL,1947467.75,2007,Fortaleza
93,INDENIZAÇÕES E RESTITUIÇÕES,1841171.19,2007,Fortaleza
18,AUXÍLIO FINANCEIRO A ESTUDANTES,1650465.0,2007,Fortaleza
81,DISTRIBUIÇÃO CONSTITUCIONAL OU LEGAL DE RECEITAS,1544499.02,2007,Fortaleza
48,OUTROS AUXÍLIOS FINANCEIROS A PESSOAS FÍSICAS,1108669.0,2007,Fortaleza
22,OUTROS ENCARGOS SOBRE A DÍVIDA POR CONTRATO,947652.48,2007,Fortaleza
33,PASSAGENS E DESPESAS COM LOCOMOÇÃO,469894.23,2007,Fortaleza
66,CONCESSÃO DE EMPRÉSTIMOS E FINANCIAMENTOS,460350.0,2007,Fortaleza
14,DIÁRIAS - CIVIL,327048.75,2007,Fortaleza
10,SEGURO DESEMPREGO E ABONO SALARIAL,1870.0,2007,Fortaleza
11,VENCIMENTOS E VANTAGENS FIXAS - PESSOAL CIVIL,812882292.77,2008,Fortaleza
39,OUTROS SERVIÇOS DE TERCEIROS - PESSOA JURÍDICA,608059008.27,2008,Fortaleza
13,OBRIGAÇÕES PATRONAIS,193834209.78,2008,Fortaleza
51,OBRAS E INSTALAÇÕES,160348876.81,2008,Fortaleza
01,"APOSENTADORIAS DO RPPS, RESERVA REMUNERADA E REFORMAS DOS MILITARES",127038073.92,2008,Fortaleza
37,LOCAÇÃO DE MÃO-DE-OBRA,108812049.19,2008,Fortaleza
30,MATERIAL DE CONSUMO,76348610.51,2008,Fortaleza
34,OUTRAS DESPESAS DE PESSOAL DECORRENTES DE CONTRATOS DE TERCEIRIZAÇÃO,52439311.46,2008,Fortaleza
36,OUTROS SERVIÇOS DE TERCEIROS - PESSOA FÍSICA,52058387.77,2008,Fortaleza
03,PENSÕES DO RPPS E DO MILITAR,45819455.47,2008,Fortaleza
04,CONTRATAÇÃO POR TEMPO DETERMINADO,41501540.21,2008,Fortaleza
47,OBRIGAÇÕES TRIBUTÁRIAS E CONTRIBUTIVAS,31963686.49,2008,Fortaleza
71,PRINCIPAL DA DÍVIDA CONTRATUAL RESGATADO,31840403.72,2008,Fortaleza
92,DESPESAS DE EXERCÍCIOS ANTERIORES,31000795.32,2008,Fortaleza
61,AQUISIÇÃO DE IMÓVEIS,23191654.87,2008,Fortaleza
21,JUROS SOBRE A DÍVIDA POR CONTRATO,19391591.5,2008,Fortaleza
32,"MATERIAL, BEM OU SERVIÇO PARA DISTRIBUIÇÃO GRATUITA",18404047.61,2008,Fortaleza
52,EQUIPAMENTOS E MATERIAL PERMANENTE,14942999.28,2008,Fortaleza
41,CONTRIBUIÇÕES,13889928.2,2008,Fortaleza
46,AUXÍLIO-ALIMENTAÇÃO,13530462.36,2008,Fortaleza
91,SENTENÇAS JUDICIAIS,12563337.95,2008,Fortaleza
43,SUBVENÇÕES SOCIAIS,12324673.48,2008,Fortaleza
35,SERVIÇOS DE CONSULTORIA,7559165.15,2008,Fortaleza
96,RESSARCIMENTO DE DESPESAS DE PESSOAL REQUISITADO,5975884.67,2008,Fortaleza
42,AUXÍLIOS,3177578.8,2008,Fortaleza
65,CONSTITUIÇÃO OU AUMENTO DE CAPITAL DE EMPRESAS,3097519.3,2008,Fortaleza
93,INDENIZAÇÕES E RESTITUIÇÕES,3092401.12,2008,Fortaleza
31,"PREMIAÇÕES CULTURAIS, ARTÍSTICAS, CIENTÍFICAS, DESPORTIVAS E OUTRAS",3012764.79,2008,Fortaleza
22,OUTROS ENCARGOS SOBRE A DÍVIDA POR CONTRATO,2454592.47,2008,Fortaleza
48,OUTROS AUXÍLIOS FINANCEIROS A PESSOAS FÍSICAS,2074196.0,2008,Fortaleza
81,DISTRIBUIÇÃO CONSTITUCIONAL OU LEGAL DE RECEITAS,1907823.58,2008,Fortaleza
33,PASSAGENS E DESPESAS COM LOCOMOÇÃO,557685.91,2008,Fortaleza
66,CONCESSÃO DE EMPRÉSTIMOS E FINANCIAMENTOS,381700.0,2008,Fortaleza
18,AUXÍLIO FINANCEIRO A ESTUDANTES,354290.0,2008,Fortaleza
14,DIÁRIAS - CIVIL,347769.18,2008,Fortaleza
16,OUTRAS DESPESAS VARIÁVEIS - PESSOAL CIVIL,167698.18,2008,Fortaleza
95,INDENIZAÇÃO PELA EXECUÇÃO DE TRABALHOS DE CAMPO,1654.24,2008,Fortaleza
11,VENCIMENTOS E VANTAGENS FIXAS - PESSOAL CIVIL,880643787.19,2009,Fortaleza
39,OUTROS SERVIÇOS DE TERCEIROS - PESSOA JURÍDICA,729410372.04,2009,Fortaleza
13,OBRIGAÇÕES PATRONAIS,211012592.39,2009,Fortaleza
51,OBRAS E INSTALAÇÕES,191652353.11,2009,Fortaleza
01,"APOSENTADORIAS DO RPPS, RESERVA REMUNERADA E REFORMAS DOS MILITARES",136642937.87,2009,Fortaleza
37,LOCAÇÃO DE MÃO-DE-OBRA,125010503.4,2009,Fortaleza
30,MATERIAL DE CONSUMO,86201297.49,2009,Fortaleza
04,CONTRATAÇÃO POR TEMPO DETERMINADO,55476169.39,2009,Fortaleza
92,DESPESAS DE EXERCÍCIOS ANTERIORES,53746864.15,2009,Fortaleza
03,PENSÕES DO RPPS E DO MILITAR,49755889.66,2009,Fortaleza
36,OUTROS SERVIÇOS DE TERCEIROS - PESSOA FÍSICA,47004504.56,2009,Fortaleza
71,PRINCIPAL DA DÍVIDA CONTRATUAL RESGATADO,38686154.8,2009,Fortaleza
47,OBRIGAÇÕES TRIBUTÁRIAS E CONTRIBUTIVAS,34969502.72,2009,Fortaleza
34,OUTRAS DESPESAS DE PESSOAL DECORRENTES DE CONTRATOS DE TERCEIRIZAÇÃO,23110732.42,2009,Fortaleza
52,EQUIPAMENTOS E MATERIAL PERMANENTE,21517414.48,2009,Fortaleza
43,SUBVENÇÕES SOCIAIS,19351256.81,2009,Fortaleza
32,"MATERIAL, BEM OU SERVIÇO PARA DISTRIBUIÇÃO GRATUITA",19180975.42,2009,Fortaleza
21,JUROS SOBRE A DÍVIDA POR CONTRATO,16344289.35,2009,Fortaleza
46,AUXÍLIO-ALIMENTAÇÃO,15212996.51,2009,Fortaleza
91,SENTENÇAS JUDICIAIS,12677728.47,2009,Fortaleza
41,CONTRIBUIÇÕES,11462576.37,2009,Fortaleza
93,INDENIZAÇÕES E RESTITUIÇÕES,10079117.22,2009,Fortaleza
35,SERVIÇOS DE CONSULTORIA,10010611.81,2009,Fortaleza
61,AQUISIÇÃO DE IMÓVEIS,9338291.83,2009,Fortaleza
96,RESSARCIMENTO DE DESPESAS DE PESSOAL REQUISITADO,5400957.33,2009,Fortaleza
65,CONSTITUIÇÃO OU AUMENTO DE CAPITAL DE EMPRESAS,3769515.23,2009,Fortaleza
22,OUTROS ENCARGOS SOBRE A DÍVIDA POR CONTRATO,2858681.56,2009,Fortaleza
81,DISTRIBUIÇÃO CONSTITUCIONAL OU LEGAL DE RECEITAS,2380455.79,2009,Fortaleza
42,AUXÍLIOS,2187610.4,2009,Fortaleza
31,"PREMIAÇÕES CULTURAIS, ARTÍSTICAS, CIENTÍFICAS, DESPORTIVAS E OUTRAS",1738186.94,2009,Fortaleza
18,AUXÍLIO FINANCEIRO A ESTUDANTES,1546387.78,2009,Fortaleza
48,OUTROS AUXÍLIOS FINANCEIROS A PESSOAS FÍSICAS,1061936.0,2009,Fortaleza
33,PASSAGENS E DESPESAS COM LOCOMOÇÃO,703417.58,2009,Fortaleza
14,DIÁRIAS - CIVIL,653869.6,2009,Fortaleza
16,OUTRAS DESPESAS VARIÁVEIS - PESSOAL CIVIL,158133.91,2009,Fortaleza
66,CONCESSÃO DE EMPRÉSTIMOS E FINANCIAMENTOS,107800.0,2009,Fortaleza
11,VENCIMENTOS E VANTAGENS FIXAS - PESSOAL CIVIL,1005639867.51,2010,Fortaleza
39,OUTROS SERVIÇOS DE TERCEIROS - PESSOA JURÍDICA,852363616.08,2010,Fortaleza
13,OBRIGAÇÕES PATRONAIS,235514044.92,2010,Fortaleza
51,OBRAS E INSTALAÇÕES,233597408.58,2010,Fortaleza
01,"APOSENTADORIAS DO RPPS, RESERVA REMUNERADA E REFORMAS DOS MILITARES",155017268.34,2010,Fortaleza
37,LOCAÇÃO DE MÃO-DE-OBRA,139199520.6,2010,Fortaleza
30,MATERIAL DE CONSUMO,100502289.95,2010,Fortaleza
92,DESPESAS DE EXERCÍCIOS ANTERIORES,68617156.21,2010,Fortaleza
71,PRINCIPAL DA DÍVIDA CONTRATUAL RESGATADO,64958291.98,2010,Fortaleza
03,PENSÕES DO RPPS E DO MILITAR,54561938.6,2010,Fortaleza
36,OUTROS SERVIÇOS DE TERCEIROS - PESSOA FÍSICA,52945285.64,2010,Fortaleza
04,CONTRATAÇÃO POR TEMPO DETERMINADO,38264580.19,2010,Fortaleza
43,SUBVENÇÕES SOCIAIS,37000547.75,2010,Fortaleza
47,OBRIGAÇÕES TRIBUTÁRIAS E CONTRIBUTIVAS,33063030.09,2010,Fortaleza
61,AQUISIÇÃO DE IMÓVEIS,27972722.11,2010,Fortaleza
52,EQUIPAMENTOS E MATERIAL PERMANENTE,22296503.17,2010,Fortaleza
41,CONTRIBUIÇÕES,21654219.7,2010,Fortaleza
46,AUXÍLIO-ALIMENTAÇÃO,18761924.79,2010,Fortaleza
32,"MATERIAL, BEM OU SERVIÇO PARA DISTRIBUIÇÃO GRATUITA",18053731.12,2010,Fortaleza
34,OUTRAS DESPESAS DE PESSOAL DECORRENTES DE CONTRATOS DE TERCEIRIZAÇÃO,16470644.33,2010,Fortaleza
91,SENTENÇAS JUDICIAIS,13700359.22,2010,Fortaleza
35,SERVIÇOS DE CONSULTORIA,12615550.69,2010,Fortaleza
21,JUROS SOBRE A DÍVIDA POR CONTRATO,10342223.57,2010,Fortaleza
96,RESSARCIMENTO DE DESPESAS DE PESSOAL REQUISITADO,6305416.5,2010,Fortaleza
93,INDENIZAÇÕES E RESTITUIÇÕES,5946416.46,2010,Fortaleza
65,CONSTITUIÇÃO OU AUMENTO DE CAPITAL DE EMPRESAS,3999398.38,2010,Fortaleza
42,AUXÍLIOS,3721438.8,2010,Fortaleza
18,AUXÍLIO FINANCEIRO A ESTUDANTES,3524146.87,2010,Fortaleza
31,"PREMIAÇÕES CULTURAIS, ARTÍSTICAS, CIENTÍFICAS, DESPORTIVAS E OUTRAS",3000084.74,2010,Fortaleza
81,DISTRIBUIÇÃO CONSTITUCIONAL OU LEGAL DE RECEITAS,2357447.76,2010,Fortaleza
22,OUTROS ENCARGOS SOBRE A DÍVIDA POR CONTRATO,1047960.66,2010,Fortaleza
48,OUTROS AUXÍLIOS FINANCEIROS A PESSOAS FÍSICAS,732044.0,2010,Fortaleza
33,PASSAGENS E DESPESAS COM LOCOMOÇÃO,606435.95,2010,Fortaleza
14,DIÁRIAS - CIVIL,574040.0,2010,Fortaleza
16,OUTRAS DESPESAS VARIÁVEIS - PESSOAL CIVIL,200625.42,2010,Fortaleza
66,CONCESSÃO DE EMPRÉSTIMOS E FINANCIAMENTOS,103400.0,2010,Fortaleza
11,VENCIMENTOS E VANTAGENS FIXAS - PESSOAL CIVIL,1172909532.95,2011,Fortaleza
39,OUTROS SERVIÇOS DE TERCEIROS - PESSOA JURÍDICA,982153642.19,2011,Fortaleza
13,OBRIGAÇÕES PATRONAIS,264702941.44,2011,Fortaleza
51,OBRAS E INSTALAÇÕES,243139047.1,2011,Fortaleza
01,"APOSENTADORIAS DO RPPS, RESERVA REMUNERADA E REFORMAS DOS MILITARES",190190632.18,2011,Fortaleza
37,LOCAÇÃO DE MÃO-DE-OBRA,178927880.79,2011,Fortaleza
30,MATERIAL DE CONSUMO,114572812.5,2011,Fortaleza
92,DESPESAS DE EXERCÍCIOS ANTERIORES,97795394.12,2011,Fortaleza
36,OUTROS SERVIÇOS DE TERCEIROS - PESSOA FÍSICA,61115684.69,2011,Fortaleza
47,OBRIGAÇÕES TRIBUTÁRIAS E CONTRIBUTIVAS,59416509.17,2011,Fortaleza
03,PENSÕES DO RPPS E DO MILITAR,58748178.45,2011,Fortaleza
32,"MATERIAL, BEM OU SERVIÇO PARA DISTRIBUIÇÃO GRATUITA",48995211.5,2011,Fortaleza
71,PRINCIPAL DA DÍVIDA CONTRATUAL RESGATADO,38374106.83,2011,Fortaleza
43,SUBVENÇÕES SOCIAIS,37752997.97,2011,Fortaleza
52,EQUIPAMENTOS E MATERIAL PERMANENTE,33633400.78,2011,Fortaleza
93,INDENIZAÇÕES E RESTITUIÇÕES,27134939.28,2011,Fortaleza
41,CONTRIBUIÇÕES,26840969.97,2011,Fortaleza
04,CONTRATAÇÃO POR TEMPO DETERMINADO,23064387.69,2011,Fortaleza
46,AUXÍLIO-ALIMENTAÇÃO,21970177.43,2011,Fortaleza
91,SENTENÇAS JUDICIAIS,17812960.4,2011,Fortaleza
34,OUTRAS DESPESAS DE PESSOAL DECORRENTES DE CONTRATOS DE TERCEIRIZAÇÃO,16854934.11,2011,Fortaleza
61,AQUISIÇÃO DE IMÓVEIS,13789482.53,2011,Fortaleza
35,SERVIÇOS DE CONSULTORIA,12946604.62,2011,Fortaleza
21,JUROS SOBRE A DÍVIDA POR CONTRATO,9752552.58,2011,Fortaleza
96,RESSARCIMENTO DE DESPESAS DE PESSOAL REQUISITADO,4631018.98,2011,Fortaleza
42,AUXÍLIOS,4328751.8,2011,Fortaleza
65,CONSTITUIÇÃO OU AUMENTO DE CAPITAL DE EMPRESAS,3717023.16,2011,Fortaleza
31,"PREMIAÇÕES CULTURAIS, ARTÍSTICAS, CIENTÍFICAS, DESPORTIVAS E OUTRAS",2975152.47,2011,Fortaleza
81,DISTRIBUIÇÃO CONSTITUCIONAL OU LEGAL DE RECEITAS,2930810.1,2011,Fortaleza
18,AUXÍLIO FINANCEIRO A ESTUDANTES,2604154.5,2011,Fortaleza
48,OUTROS AUXÍLIOS FINANCEIROS A PESSOAS FÍSICAS,1615334.9,2011,Fortaleza
66,CONCESSÃO DE EMPRÉSTIMOS E FINANCIAMENTOS,1394469.0,2011,Fortaleza
22,OUTROS ENCARGOS SOBRE A DÍVIDA POR CONTRATO,1034016.69,2011,Fortaleza
33,PASSAGENS E DESPESAS COM LOCOMOÇÃO,638582.71,2011,Fortaleza
14,DIÁRIAS - CIVIL,520190.0,2011,Fortaleza
16,OUTRAS DESPESAS VARIÁVEIS - PESSOAL CIVIL,269114.66,2011,Fortaleza
10,SEGURO DESEMPREGO E ABONO SALARIAL,3187.34,2011,Fortaleza
11,VENCIMENTOS E VANTAGENS FIXAS - PESSOAL CIVIL,1370493050.15,2012,Fortaleza
39,OUTROS SERVIÇOS DE TERCEIROS - PESSOA JURÍDICA,1128891354.73,2012,Fortaleza
13,OBRIGAÇÕES PATRONAIS,311964499.76,2012,Fortaleza
51,OBRAS E INSTALAÇÕES,252308787.31,2012,Fortaleza
01,"APOSENTADORIAS DO RPPS, RESERVA REMUNERADA E REFORMAS DOS MILITARES",235023651.02,2012,Fortaleza
37,LOCAÇÃO DE MÃO-DE-OBRA,209466035.92,2012,Fortaleza
30,MATERIAL DE CONSUMO,124152539.05,2012,Fortaleza
92,DESPESAS DE EXERCÍCIOS ANTERIORES,102646917.04,2012,Fortaleza
36,OUTROS SERVIÇOS DE TERCEIROS - PESSOA FÍSICA,68946719.56,2012,Fortaleza
03,PENSÕES DO RPPS E DO MILITAR,65689416.64,2012,Fortaleza
47,OBRIGAÇÕES TRIBUTÁRIAS E CONTRIBUTIVAS,53796691.05,2012,Fortaleza
04,CONTRATAÇÃO POR TEMPO DETERMINADO,40408366.02,2012,Fortaleza
71,PRINCIPAL DA DÍVIDA CONTRATUAL RESGATADO,40389551.51,2012,Fortaleza
43,SUBVENÇÕES SOCIAIS,36868553.97,2012,Fortaleza
52,EQUIPAMENTOS E MATERIAL PERMANENTE,33675335.48,2012,Fortaleza
32,"MATERIAL, BEM OU SERVIÇO PARA DISTRIBUIÇÃO GRATUITA",31228097.58,2012,Fortaleza
46,AUXÍLIO-ALIMENTAÇÃO,26462344.32,2012,Fortaleza
93,INDENIZAÇÕES E RESTITUIÇÕES,25464329.94,2012,Fortaleza
34,OUTRAS DESPESAS DE PESSOAL DECORRENTES DE CONTRATOS DE TERCEIRIZAÇÃO,22449313.62,2012,Fortaleza
61,AQUISIÇÃO DE IMÓVEIS,20050393.52,2012,Fortaleza
91,SENTENÇAS JUDICIAIS,13812243.3,2012,Fortaleza
35,SERVIÇOS DE CONSULTORIA,12476958.57,2012,Fortaleza
41,CONTRIBUIÇÕES,12090180.22,2012,Fortaleza
21,JUROS SOBRE A DÍVIDA POR CONTRATO,11494360.6,2012,Fortaleza
65,CONSTITUIÇÃO OU AUMENTO DE CAPITAL DE EMPRESAS,6466476.26,2012,Fortaleza
96,RESSARCIMENTO DE DESPESAS DE PESSOAL REQUISITADO,5841786.92,2012,Fortaleza
31,"PREMIAÇÕES CULTURAIS, ARTÍSTICAS, CIENTÍFICAS, DESPORTIVAS E OUTRAS",4257084.99,2012,Fortaleza
81,DISTRIBUIÇÃO CONSTITUCIONAL OU LEGAL DE RECEITAS,3096695.54,2012,Fortaleza
48,OUTROS AUXÍLIOS FINANCEIROS A PESSOAS FÍSICAS,2797516.2,2012,Fortaleza
42,AUXÍLIOS,1418031.9,2012,Fortaleza
18,AUXÍLIO FINANCEIRO A ESTUDANTES,1081652.4,2012,Fortaleza
22,OUTROS ENCARGOS SOBRE A DÍVIDA POR CONTRATO,963574.31,2012,Fortaleza
66,CONCESSÃO DE EMPRÉSTIMOS E FINANCIAMENTOS,805227.62,2012,Fortaleza
14,DIÁRIAS - CIVIL,373119.99,2012,Fortaleza
16,OUTRAS DESPESAS VARIÁVEIS - PESSOAL CIVIL,338136.04,2012,Fortaleza
33,PASSAGENS E DESPESAS COM LOCOMOÇÃO,280011.75,2012,Fortaleza
10,SEGURO DESEMPREGO E ABONO SALARIAL,2849.96,2012,Fortaleza
11,VENCIMENTOS E VANTAGENS FIXAS - PESSOAL CIVIL,1531164886.85,2013,Fortaleza
39,OUTROS SERVIÇOS DE TERCEIROS - PESSOA JURÍDICA,1130814368.95,2013,Fortaleza
13,OBRIGAÇÕES PATRONAIS,342586046.18,2013,Fortaleza
01,"APOSENTADORIAS DO RPPS, RESERVA REMUNERADA E REFORMAS DOS MILITARES",271706584.27,2013,Fortaleza
51,OBRAS E INSTALAÇÕES,256694617.35,2013,Fortaleza
37,LOCAÇÃO DE MÃO-DE-OBRA,239345942.43,2013,Fortaleza
92,DESPESAS DE EXERCÍCIOS ANTERIORES,134864771.18,2013,Fortaleza
30,MATERIAL DE CONSUMO,102611096.27,2013,Fortaleza
36,OUTROS SERVIÇOS DE TERCEIROS - PESSOA FÍSICA,86227354.61,2013,Fortaleza
03,PENSÕES DO RPPS E DO MILITAR,71464070.12,2013,Fortaleza
47,OBRIGAÇÕES TRIBUTÁRIAS E CONTRIBUTIVAS,64668590.53,2013,Fortaleza
91,SENTENÇAS JUDICIAIS,53420580.26,2013,Fortaleza
71,PRINCIPAL DA DÍVIDA CONTRATUAL RESGATADO,51934177.78,2013,Fortaleza
04,CONTRATAÇÃO POR TEMPO DETERMINADO,50320776.76,2013,Fortaleza
52,EQUIPAMENTOS E MATERIAL PERMANENTE,39926994.32,2013,Fortaleza
43,SUBVENÇÕES SOCIAIS,37405505.13,2013,Fortaleza
61,AQUISIÇÃO DE IMÓVEIS,34542580.91,2013,Fortaleza
34,OUTRAS DESPESAS DE PESSOAL DECORRENTES DE CONTRATOS DE TERCEIRIZAÇÃO,32667026.68,2013,Fortaleza
46,AUXÍLIO-ALIMENTAÇÃO,29616355.65,2013,Fortaleza
32,"MATERIAL, BEM OU SERVIÇO PARA DISTRIBUIÇÃO GRATUITA",25529487.18,2013,Fortaleza
93,INDENIZAÇÕES E RESTITUIÇÕES,13373735.26,2013,Fortaleza
21,JUROS SOBRE A DÍVIDA POR CONTRATO,13310856.58,2013,Fortaleza
41,CONTRIBUIÇÕES,11807997.95,2013,Fortaleza
96,RESSARCIMENTO DE DESPESAS DE PESSOAL REQUISITADO,8090316.21,2013,Fortaleza
35,SERVIÇOS DE CONSULTORIA,6734286.49,2013,Fortaleza
22,OUTROS ENCARGOS SOBRE A DÍVIDA POR CONTRATO,2201446.5,2013,Fortaleza
48,OUTROS AUXÍLIOS FINANCEIROS A PESSOAS FÍSICAS,1809736.8,2013,Fortaleza
31,"PREMIAÇÕES CULTURAIS, ARTÍSTICAS, CIENTÍFICAS, DESPORTIVAS E OUTRAS",1523865.25,2013,Fortaleza
33,PASSAGENS E DESPESAS COM LOCOMOÇÃO,1496121.83,2013,Fortaleza
81,DISTRIBUIÇÃO CONSTITUCIONAL OU LEGAL DE RECEITAS,1271035.76,2013,Fortaleza
65,CONSTITUIÇÃO OU AUMENTO DE CAPITAL DE EMPRESAS,1030199.97,2013,Fortaleza
05,OUTROS BENEFÍCIOS PREVIDENCIÁRIOS DO SERVIDOR OU DO MILITAR,954854.11,2013,Fortaleza
14,DIÁRIAS - CIVIL,857990.0,2013,Fortaleza
18,AUXÍLIO FINANCEIRO A ESTUDANTES,469963.5,2013,Fortaleza
66,CONCESSÃO DE EMPRÉSTIMOS E FINANCIAMENTOS,443669.92,2013,Fortaleza
16,OUTRAS DESPESAS VARIÁVEIS - PESSOAL CIVIL,271976.99,2013,Fortaleza
11,VENCIMENTOS E VANTAGENS FIXAS - PESSOAL CIVIL,1626391400.81,2014,Fortaleza
39,OUTROS SERVIÇOS DE TERCEIROS - PESSOA JURÍDICA,1392905441.45,2014,Fortaleza
13,OBRIGAÇÕES PATRONAIS,373372686.52,2014,Fortaleza
01,"APOSENTADORIAS DO RPPS, RESERVA REMUNERADA E REFORMAS DOS MILITARES",367966200.62,2014,Fortaleza
51,OBRAS E INSTALAÇÕES,304108622.29,2014,Fortaleza
37,LOCAÇÃO DE MÃO-DE-OBRA,302471680.27,2014,Fortaleza
30,MATERIAL DE CONSUMO,113714582.75,2014,Fortaleza
36,OUTROS SERVIÇOS DE TERCEIROS - PESSOA FÍSICA,84997107.87,2014,Fortaleza
03,PENSÕES DO RPPS E DO MILITAR,79896219.25,2014,Fortaleza
04,CONTRATAÇÃO POR TEMPO DETERMINADO,65272566.94,2014,Fortaleza
92,DESPESAS DE EXERCÍCIOS ANTERIORES,61536694.3,2014,Fortaleza
47,OBRIGAÇÕES TRIBUTÁRIAS E CONTRIBUTIVAS,59943179.29,2014,Fortaleza
34,OUTRAS DESPESAS DE PESSOAL DECORRENTES DE CONTRATOS DE TERCEIRIZAÇÃO,47361904.92,2014,Fortaleza
71,PRINCIPAL DA DÍVIDA CONTRATUAL RESGATADO,43059250.85,2014,Fortaleza
52,EQUIPAMENTOS E MATERIAL PERMANENTE,37900953.93,2014,Fortaleza
32,"MATERIAL, BEM OU SERVIÇO PARA DISTRIBUIÇÃO GRATUITA",36204473.96,2014,Fortaleza
93,INDENIZAÇÕES E RESTITUIÇÕES,30301592.7,2014,Fortaleza
46,AUXÍLIO-ALIMENTAÇÃO,28062634.34,2014,Fortaleza
43,SUBVENÇÕES SOCIAIS,27906983.5,2014,Fortaleza
91,SENTENÇAS JUDICIAIS,27900580.74,2014,Fortaleza
41,CONTRIBUIÇÕES,20422484.82,2014,Fortaleza
96,RESSARCIMENTO DE DESPESAS DE PESSOAL REQUISITADO,17235159.05,2014,Fortaleza
35,SERVIÇOS DE CONSULTORIA,16495003.65,2014,Fortaleza
21,JUROS SOBRE A DÍVIDA POR CONTRATO,14539189.88,2014,Fortaleza
61,AQUISIÇÃO DE IMÓVEIS,12557530.0,2014,Fortaleza
16,OUTRAS DESPESAS VARIÁVEIS - PESSOAL CIVIL,8855793.95,2014,Fortaleza
48,OUTROS AUXÍLIOS FINANCEIROS A PESSOAS FÍSICAS,6694930.32,2014,Fortaleza
31,"PREMIAÇÕES CULTURAIS, ARTÍSTICAS, CIENTÍFICAS, DESPORTIVAS E OUTRAS",3536315.75,2014,Fortaleza
22,OUTROS ENCARGOS SOBRE A DÍVIDA POR CONTRATO,2213693.04,2014,Fortaleza
14,DIÁRIAS - CIVIL,1782361.16,2014,Fortaleza
33,PASSAGENS E DESPESAS COM LOCOMOÇÃO,1372773.79,2014,Fortaleza
05,OUTROS BENEFÍCIOS PREVIDENCIÁRIOS DO SERVIDOR OU DO MILITAR,921836.31,2014,Fortaleza
81,DISTRIBUIÇÃO CONSTITUCIONAL OU LEGAL DE RECEITAS,555617.59,2014,Fortaleza
66,CONCESSÃO DE EMPRÉSTIMOS E FINANCIAMENTOS,221906.68,2014,Fortaleza
18,AUXÍLIO FINANCEIRO A ESTUDANTES,219300.9,2014,Fortaleza
11,VENCIMENTOS E VANTAGENS FIXAS - PESSOAL CIVIL,1729865378.13,2015,Fortaleza
39,OUTROS SERVIÇOS DE TERCEIROS - PESSOA JURÍDICA,1443878306.56,2015,Fortaleza
01,"APOSENTADORIAS DO RPPS, RESERVA REMUNERADA E REFORMAS DOS MILITARES",453937994.68,2015,Fortaleza
13,OBRIGAÇÕES PATRONAIS,400308969.24,2015,Fortaleza
37,LOCAÇÃO DE MÃO-DE-OBRA,364311648.68,2015,Fortaleza
51,OBRAS E INSTALAÇÕES,312914022.75,2015,Fortaleza
04,CONTRATAÇÃO POR TEMPO DETERMINADO,136974046.71,2015,Fortaleza
30,MATERIAL DE CONSUMO,134282407.06,2015,Fortaleza
36,OUTROS SERVIÇOS DE TERCEIROS - PESSOA FÍSICA,89791966.47,2015,Fortaleza
03,PENSÕES DO RPPS E DO MILITAR,89240982.51,2015,Fortaleza
47,OBRIGAÇÕES TRIBUTÁRIAS E CONTRIBUTIVAS,55464428.15,2015,Fortaleza
92,DESPESAS DE EXERCÍCIOS ANTERIORES,54667995.91,2015,Fortaleza
34,OUTRAS DESPESAS DE PESSOAL DECORRENTES DE CONTRATOS DE TERCEIRIZAÇÃO,52527983.47,2015,Fortaleza
71,PRINCIPAL DA DÍVIDA CONTRATUAL RESGATADO,51294168.54,2015,Fortaleza
52,EQUIPAMENTOS E MATERIAL PERMANENTE,28531884.76,2015,Fortaleza
43,SUBVENÇÕES SOCIAIS,28310920.68,2015,Fortaleza
91,SENTENÇAS JUDICIAIS,26200399.61,2015,Fortaleza
46,AUXÍLIO-ALIMENTAÇÃO,23970196.36,2015,Fortaleza
41,CONTRIBUIÇÕES,19839676.14,2015,Fortaleza
21,JUROS SOBRE A DÍVIDA POR CONTRATO,19809474.97,2015,Fortaleza
93,INDENIZAÇÕES E RESTITUIÇÕES,17734041.31,2015,Fortaleza
35,SERVIÇOS DE CONSULTORIA,15671668.44,2015,Fortaleza
96,RESSARCIMENTO DE DESPESAS DE PESSOAL REQUISITADO,14229181.09,2015,Fortaleza
32,"MATERIAL, BEM OU SERVIÇO PARA DISTRIBUIÇÃO GRATUITA",13178787.55,2015,Fortaleza
61,AQUISIÇÃO DE IMÓVEIS,11908758.0,2015,Fortaleza
48,OUTROS AUXÍLIOS FINANCEIROS A PESSOAS FÍSICAS,11838700.82,2015,Fortaleza
16,OUTRAS DESPESAS VARIÁVEIS - PESSOAL CIVIL,6223562.86,2015,Fortaleza
31,"PREMIAÇÕES CULTURAIS, ARTÍSTICAS, CIENTÍFICAS, DESPORTIVAS E OUTRAS",3436133.13,2015,Fortaleza
22,OUTROS ENCARGOS SOBRE A DÍVIDA POR CONTRATO,2163795.06,2015,Fortaleza
42,AUXÍLIOS,1600906.8,2015,Fortaleza
14,DIÁRIAS - CIVIL,1558318.46,2015,Fortaleza
33,PASSAGENS E DESPESAS COM LOCOMOÇÃO,1077836.0,2015,Fortaleza
05,OUTROS BENEFÍCIOS PREVIDENCIÁRIOS DO SERVIDOR OU DO MILITAR,861132.13,2015,Fortaleza
81,DISTRIBUIÇÃO CONSTITUCIONAL OU LEGAL DE RECEITAS,853363.03,2015,Fortaleza
66,CONCESSÃO DE EMPRÉSTIMOS E FINANCIAMENTOS,274211.38,2015,Fortaleza
18,AUXÍLIO FINANCEIRO A ESTUDANTES,27678.3,2015,Fortaleza
94,INDENIZAÇÕES E RESTITUIÇÕES TRABALHISTAS,21342.24,2015,Fortaleza
65,CONSTITUIÇÃO OU AUMENTO DE CAPITAL DE EMPRESAS,13477.05,2015,Fortaleza
11,VENCIMENTOS E VANTAGENS FIXAS - PESSOAL CIVIL,1912118803.41,2016,Fortaleza
39,OUTROS SERVIÇOS DE TERCEIROS - PESSOA JURÍDICA,1403871574.34,2016,Fortaleza
01,"APOSENTADORIAS DO RPPS, RESERVA REMUNERADA E REFORMAS DOS MILITARES",517254630.39,2016,Fortaleza
13,OBRIGAÇÕES PATRONAIS,374743250.2,2016,Fortaleza
37,LOCAÇÃO DE MÃO-DE-OBRA,360469488.28,2016,Fortaleza
51,OBRAS E INSTALAÇÕES,255814875.87,2016,Fortaleza
04,CONTRATAÇÃO POR TEMPO DETERMINADO,149535591.52,2016,Fortaleza
30,MATERIAL DE CONSUMO,143063268.32,2016,Fortaleza
03,PENSÕES DO RPPS E DO MILITAR,98509606.66,2016,Fortaleza
36,OUTROS SERVIÇOS DE TERCEIROS - PESSOA FÍSICA,83678074.03,2016,Fortaleza
71,PRINCIPAL DA DÍVIDA CONTRATUAL RESGATADO,77842469.76,2016,Fortaleza
92,DESPESAS DE EXERCÍCIOS ANTERIORES,65766323.5,2016,Fortaleza
47,OBRIGAÇÕES TRIBUTÁRIAS E CONTRIBUTIVAS,63022164.68,2016,Fortaleza
45,SUBVENÇÕES ECONÔMICAS,47104707.21,2016,Fortaleza
34,OUTRAS DESPESAS DE PESSOAL DECORRENTES DE CONTRATOS DE TERCEIRIZAÇÃO,45675732.44,2016,Fortaleza
43,SUBVENÇÕES SOCIAIS,44150623.11,2016,Fortaleza
41,CONTRIBUIÇÕES,32242271.21,2016,Fortaleza
46,AUXÍLIO-ALIMENTAÇÃO,31929141.54,2016,Fortaleza
21,JUROS SOBRE A DÍVIDA POR CONTRATO,29561029.15,2016,Fortaleza
96,RESSARCIMENTO DE DESPESAS DE PESSOAL REQUISITADO,25641283.13,2016,Fortaleza
93,INDENIZAÇÕES E RESTITUIÇÕES,23923437.37,2016,Fortaleza
52,EQUIPAMENTOS E MATERIAL PERMANENTE,22880716.02,2016,Fortaleza
32,"MATERIAL, BEM OU SERVIÇO PARA DISTRIBUIÇÃO GRATUITA",19507138.09,2016,Fortaleza
91,SENTENÇAS JUDICIAIS,11304316.31,2016,Fortaleza
48,OUTROS AUXÍLIOS FINANCEIROS A PESSOAS FÍSICAS,10407372.0,2016,Fortaleza
35,SERVIÇOS DE CONSULTORIA,9614410.22,2016,Fortaleza
16,OUTRAS DESPESAS VARIÁVEIS - PESSOAL CIVIL,2817235.79,2016,Fortaleza
22,OUTROS ENCARGOS SOBRE A DÍVIDA POR CONTRATO,2571591.3,2016,Fortaleza
31,"PREMIAÇÕES CULTURAIS, ARTÍSTICAS, CIENTÍFICAS, DESPORTIVAS E OUTRAS",2055362.78,2016,Fortaleza
42,AUXÍLIOS,1821045.2,2016,Fortaleza
94,INDENIZAÇÕES E RESTITUIÇÕES TRABALHISTAS,1598600.07,2016,Fortaleza
14,DIÁRIAS - CIVIL,1575362.66,2016,Fortaleza
05,OUTROS BENEFÍCIOS PREVIDENCIÁRIOS DO SERVIDOR OU DO MILITAR,868912.72,2016,Fortaleza
81,DISTRIBUIÇÃO CONSTITUCIONAL OU LEGAL DE RECEITAS,739954.79,2016,Fortaleza
33,PASSAGENS E DESPESAS COM LOCOMOÇÃO,700275.66,2016,Fortaleza
61,AQUISIÇÃO DE IMÓVEIS,393100.0,2016,Fortaleza
66,CONCESSÃO DE EMPRÉSTIMOS E FINANCIAMENTOS,238196.26,2016,Fortaleza
11,VENCIMENTOS E VANTAGENS FIXAS - PESSOAL CIVIL,1967818259.92,2017,Fortaleza
39,OUTROS SERVIÇOS DE TERCEIROS - PESSOA JURÍDICA,1378164737.37,2017,Fortaleza
01,"APOSENTADORIAS DO RPPS, RESERVA REMUNERADA E REFORMAS DOS MILITARES",603507276.27,2017,Fortaleza
13,OBRIGAÇÕES PATRONAIS,445269686.06,2017,Fortaleza
92,DESPESAS DE EXERCÍCIOS ANTERIORES,384031507.96,2017,Fortaleza
37,LOCAÇÃO DE MÃO-DE-OBRA,321366708.02,2017,Fortaleza
51,OBRAS E INSTALAÇÕES,219643197.15,2017,Fortaleza
04,CONTRATAÇÃO POR TEMPO DETERMINADO,172237450.21,2017,Fortaleza
30,MATERIAL DE CONSUMO,125766659.86,2017,Fortaleza
03,PENSÕES DO RPPS E DO MILITAR,106088098.06,2017,Fortaleza
71,PRINCIPAL DA DÍVIDA CONTRATUAL RESGATADO,92681755.63,2017,Fortaleza
91,SENTENÇAS JUDICIAIS,82709509.49,2017,Fortaleza
36,OUTROS SERVIÇOS DE TERCEIROS - PESSOA FÍSICA,66027063.14,2017,Fortaleza
47,OBRIGAÇÕES TRIBUTÁRIAS E CONTRIBUTIVAS,65556445.93,2017,Fortaleza
34,OUTRAS DESPESAS DE PESSOAL DECORRENTES DE CONTRATOS DE TERCEIRIZAÇÃO,44798558.54,2017,Fortaleza
43,SUBVENÇÕES SOCIAIS,38692222.23,2017,Fortaleza
21,JUROS SOBRE A DÍVIDA POR CONTRATO,33641348.42,2017,Fortaleza
52,EQUIPAMENTOS E MATERIAL PERMANENTE,29707164.69,2017,Fortaleza
46,AUXÍLIO-ALIMENTAÇÃO,27396049.21,2017,Fortaleza
32,"MATERIAL, BEM OU SERVIÇO PARA DISTRIBUIÇÃO GRATUITA",23788950.43,2017,Fortaleza
93,INDENIZAÇÕES E RESTITUIÇÕES,22296621.93,2017,Fortaleza
41,CONTRIBUIÇÕES,20184945.45,2017,Fortaleza
48,OUTROS AUXÍLIOS FINANCEIROS A PESSOAS FÍSICAS,11496022.16,2017,Fortaleza
96,RESSARCIMENTO DE DESPESAS DE PESSOAL REQUISITADO,9710491.84,2017,Fortaleza
31,"PREMIAÇÕES CULTURAIS, ARTÍSTICAS, CIENTÍFICAS, DESPORTIVAS E OUTRAS",7364283.78,2017,Fortaleza
35,SERVIÇOS DE CONSULTORIA,6437363.79,2017,Fortaleza
61,AQUISIÇÃO DE IMÓVEIS,5550850.0,2017,Fortaleza
42,AUXÍLIOS,3317866.0,2017,Fortaleza
22,OUTROS ENCARGOS SOBRE A DÍVIDA POR CONTRATO,2716216.74,2017,Fortaleza
14,DIÁRIAS - CIVIL,2095216.81,2017,Fortaleza
94,INDENIZAÇÕES E RESTITUIÇÕES TRABALHISTAS,1911757.61,2017,Fortaleza
45,SUBVENÇÕES ECONÔMICAS,1759292.79,2017,Fortaleza
16,OUTRAS DESPESAS VARIÁVEIS - PESSOAL CIVIL,1362871.0,2017,Fortaleza
33,PASSAGENS E DESPESAS COM LOCOMOÇÃO,1233656.04,2017,Fortaleza
05,OUTROS BENEFÍCIOS PREVIDENCIÁRIOS DO SERVIDOR OU DO MILITAR,835861.28,2017,Fortaleza
18,AUXÍLIO FINANCEIRO A ESTUDANTES,350005.1,2017,Fortaleza
81,DISTRIBUIÇÃO CONSTITUCIONAL OU LEGAL DE RECEITAS,83513.69,2017,Fortaleza
66,CONCESSÃO DE EMPRÉSTIMOS E FINANCIAMENTOS,75586.99,2017,Fortaleza
11,VENCIMENTOS E VANTAGENS FIXAS - PESSOAL CIVIL,2018045506.27,2018,Fortaleza
39,OUTROS SERVIÇOS DE TERCEIROS - PESSOA JURÍDICA,1382710574.26,2018,Fortaleza
01,"APOSENTADORIAS DO RPPS, RESERVA REMUNERADA E REFORMAS DOS MILITARES",693538197.41,2018,Fortaleza
13,OBRIGAÇÕES PATRONAIS,452300585.81,2018,Fortaleza
92,DESPESAS DE EXERCÍCIOS ANTERIORES,430913549.39,2018,Fortaleza
37,LOCAÇÃO DE MÃO-DE-OBRA,322285153.24,2018,Fortaleza
51,OBRAS E INSTALAÇÕES,230263150.67,2018,Fortaleza
04,CONTRATAÇÃO POR TEMPO DETERMINADO,202953207.39,2018,Fortaleza
30,MATERIAL DE CONSUMO,137484534.45,2018,Fortaleza
03,PENSÕES DO RPPS E DO MILITAR,114237026.67,2018,Fortaleza
71,PRINCIPAL DA DÍVIDA CONTRATUAL RESGATADO,103867012.99,2018,Fortaleza
93,INDENIZAÇÕES E RESTITUIÇÕES,86465839.9,2018,Fortaleza
36,OUTROS SERVIÇOS DE TERCEIROS - PESSOA FÍSICA,73179257.83,2018,Fortaleza
47,OBRIGAÇÕES TRIBUTÁRIAS E CONTRIBUTIVAS,60044924.32,2018,Fortaleza
91,SENTENÇAS JUDICIAIS,50591408.25,2018,Fortaleza
43,SUBVENÇÕES SOCIAIS,47923165.66,2018,Fortaleza
34,OUTRAS DESPESAS DE PESSOAL DECORRENTES DE CONTRATOS DE TERCEIRIZAÇÃO,46376433.58,2018,Fortaleza
21,JUROS SOBRE A DÍVIDA POR CONTRATO,42861503.88,2018,Fortaleza
46,AUXÍLIO-ALIMENTAÇÃO,29073829.43,2018,Fortaleza
52,EQUIPAMENTOS E MATERIAL PERMANENTE,28756108.68,2018,Fortaleza
96,RESSARCIMENTO DE DESPESAS DE PESSOAL REQUISITADO,26190983.6,2018,Fortaleza
41,CONTRIBUIÇÕES,19022774.17,2018,Fortaleza
32,"MATERIAL, BEM OU SERVIÇO PARA DISTRIBUIÇÃO GRATUITA",19014705.71,2018,Fortaleza
35,SERVIÇOS DE CONSULTORIA,14651362.44,2018,Fortaleza
31,"PREMIAÇÕES CULTURAIS, ARTÍSTICAS, CIENTÍFICAS, DESPORTIVAS E OUTRAS",13943982.19,2018,Fortaleza
48,OUTROS AUXÍLIOS FINANCEIROS A PESSOAS FÍSICAS,9421206.0,2018,Fortaleza
22,OUTROS ENCARGOS SOBRE A DÍVIDA POR CONTRATO,3680159.25,2018,Fortaleza
61,AQUISIÇÃO DE IMÓVEIS,3653917.29,2018,Fortaleza
94,INDENIZAÇÕES E RESTITUIÇÕES TRABALHISTAS,2884303.09,2018,Fortaleza
42,AUXÍLIOS,2526664.41,2018,Fortaleza
16,OUTRAS DESPESAS VARIÁVEIS - PESSOAL CIVIL,2326944.32,2018,Fortaleza
14,DIÁRIAS - CIVIL,2132567.17,2018,Fortaleza
33,PASSAGENS E DESPESAS COM LOCOMOÇÃO,1416394.44,2018,Fortaleza
05,OUTROS BENEFÍCIOS PREVIDENCIÁRIOS DO SERVIDOR OU DO MILITAR,888089.66,2018,Fortaleza
66,CONCESSÃO DE EMPRÉSTIMOS E FINANCIAMENTOS,550884.1,2018,Fortaleza
18,AUXÍLIO FINANCEIRO A ESTUDANTES,427332.9,2018,Fortaleza
81,DISTRIBUIÇÃO CONSTITUCIONAL OU LEGAL DE RECEITAS,328165.57,2018,Fortaleza
20,AUXÍLIO FINANCEIRO A PESQUISADORES,145153.2,2018,Fortaleza
11,VENCIMENTOS E VANTAGENS FIXAS - PESSOAL CIVIL,2104392945.88,2019,Fortaleza
39,OUTROS SERVIÇOS DE TERCEIROS - PESSOA JURÍDICA,1990700802.79,2019,Fortaleza
01,"APOSENTADORIAS DO RPPS, RESERVA REMUNERADA E REFORMAS DOS MILITARES",783473950.1,2019,Fortaleza
13,OBRIGAÇÕES PATRONAIS,475275736.06,2019,Fortaleza
37,LOCAÇÃO DE MÃO-DE-OBRA,425500151.59,2019,Fortaleza
92,DESPESAS DE EXERCÍCIOS ANTERIORES,406712892.83,2019,Fortaleza
51,OBRAS E INSTALAÇÕES,356441240.32,2019,Fortaleza
04,CONTRATAÇÃO POR TEMPO DETERMINADO,238148701.85,2019,Fortaleza
30,MATERIAL DE CONSUMO,145377777.83,2019,Fortaleza
03,PENSÕES DO RPPS E DO MILITAR,121044795.61,2019,Fortaleza
71,PRINCIPAL DA DÍVIDA CONTRATUAL RESGATADO,111511368.26,2019,Fortaleza
93,INDENIZAÇÕES E RESTITUIÇÕES,88443447.96,2019,Fortaleza
36,OUTROS SERVIÇOS DE TERCEIROS - PESSOA FÍSICA,88045363.55,2019,Fortaleza
47,OBRIGAÇÕES TRIBUTÁRIAS E CONTRIBUTIVAS,75881474.25,2019,Fortaleza
21,JUROS SOBRE A DÍVIDA POR CONTRATO,61396536.89,2019,Fortaleza
43,SUBVENÇÕES SOCIAIS,58629729.4,2019,Fortaleza
91,SENTENÇAS JUDICIAIS,58035539.2,2019,Fortaleza
34,OUTRAS DESPESAS DE PESSOAL DECORRENTES DE CONTRATOS DE TERCEIRIZAÇÃO,56893850.2,2019,Fortaleza
32,"MATERIAL, BEM OU SERVIÇO PARA DISTRIBUIÇÃO GRATUITA",50602573.04,2019,Fortaleza
52,EQUIPAMENTOS E MATERIAL PERMANENTE,47888159.01,2019,Fortaleza
41,CONTRIBUIÇÕES,38178980.03,2019,Fortaleza
96,RESSARCIMENTO DE DESPESAS DE PESSOAL REQUISITADO,32951052.35,2019,Fortaleza
46,AUXÍLIO-ALIMENTAÇÃO,32456414.42,2019,Fortaleza
40,SERVIÇOS DE TECNOLOGIA DA INFORMAÇÃO E COMUNICAÇÃO  PESSOA JURÍDICA,15577522.62,2019,Fortaleza
48,OUTROS AUXÍLIOS FINANCEIROS A PESSOAS FÍSICAS,15530716.58,2019,Fortaleza
31,"PREMIAÇÕES CULTURAIS, ARTÍSTICAS, CIENTÍFICAS, DESPORTIVAS E OUTRAS",12597236.29,2019,Fortaleza
22,OUTROS ENCARGOS SOBRE A DÍVIDA POR CONTRATO,10003879.88,2019,Fortaleza
35,SERVIÇOS DE CONSULTORIA,9214181.08,2019,Fortaleza
61,AQUISIÇÃO DE IMÓVEIS,7885467.38,2019,Fortaleza
42,AUXÍLIOS,5866177.15,2019,Fortaleza
94,INDENIZAÇÕES E RESTITUIÇÕES TRABALHISTAS,2619175.31,2019,Fortaleza
33,PASSAGENS E DESPESAS COM LOCOMOÇÃO,2110290.76,2019,Fortaleza
14,DIÁRIAS - CIVIL,1674340.07,2019,Fortaleza
16,OUTRAS DESPESAS VARIÁVEIS - PESSOAL CIVIL,1110204.66,2019,Fortaleza
05,OUTROS BENEFÍCIOS PREVIDENCIÁRIOS DO SERVIDOR OU DO MILITAR,774366.22,2019,Fortaleza
20,AUXÍLIO FINANCEIRO A PESQUISADORES,597309.99,2019,Fortaleza
66,CONCESSÃO DE EMPRÉSTIMOS E FINANCIAMENTOS,498336.21,2019,Fortaleza
81,DISTRIBUIÇÃO CONSTITUCIONAL OU LEGAL DE RECEITAS,280461.3,2019,Fortaleza
18,AUXÍLIO FINANCEIRO A ESTUDANTES,225000.0,2019,Fortaleza
39,OUTROS SERVIÇOS DE TERCEIROS - PESSOA JURÍDICA,2377596687.87,2020,Fortaleza
11,VENCIMENTOS E VANTAGENS FIXAS - PESSOAL CIVIL,2223044048.96,2020,Fortaleza
01,"APOSENTADORIAS DO RPPS, RESERVA REMUNERADA E REFORMAS DOS MILITARES",867400056.56,2020,Fortaleza
51,OBRAS E INSTALAÇÕES,548820072.93,2020,Fortaleza
13,OBRIGAÇÕES PATRONAIS,516868764.9,2020,Fortaleza
37,LOCAÇÃO DE MÃO-DE-OBRA,499928082.46,2020,Fortaleza
04,CONTRATAÇÃO POR TEMPO DETERMINADO,266808491.59,2020,Fortaleza
30,MATERIAL DE CONSUMO,240020808.32,2020,Fortaleza
71,PRINCIPAL DA DÍVIDA CONTRATUAL RESGATADO,128773071.05,2020,Fortaleza
03,PENSÕES DO RPPS E DO MILITAR,127567855.91,2020,Fortaleza
92,DESPESAS DE EXERCÍCIOS ANTERIORES,123021566.45,2020,Fortaleza
36,OUTROS SERVIÇOS DE TERCEIROS - PESSOA FÍSICA,105253910.47,2020,Fortaleza
47,OBRIGAÇÕES TRIBUTÁRIAS E CONTRIBUTIVAS,78213318.73,2020,Fortaleza
52,EQUIPAMENTOS E MATERIAL PERMANENTE,76265394.87,2020,Fortaleza
91,SENTENÇAS JUDICIAIS,73189621.1,2020,Fortaleza
34,OUTRAS DESPESAS DE PESSOAL DECORRENTES DE CONTRATOS DE TERCEIRIZAÇÃO,72069265.21,2020,Fortaleza
43,SUBVENÇÕES SOCIAIS,63661764.98,2020,Fortaleza
21,JUROS SOBRE A DÍVIDA POR CONTRATO,56919184.99,2020,Fortaleza
93,INDENIZAÇÕES E RESTITUIÇÕES,49415868.03,2020,Fortaleza
32,"MATERIAL, BEM OU SERVIÇO PARA DISTRIBUIÇÃO GRATUITA",48506368.93,2020,Fortaleza
48,OUTROS AUXÍLIOS FINANCEIROS A PESSOAS FÍSICAS,40335670.22,2020,Fortaleza
46,AUXÍLIO-ALIMENTAÇÃO,35293346.26,2020,Fortaleza
41,CONTRIBUIÇÕES,34164566.47,2020,Fortaleza
96,RESSARCIMENTO DE DESPESAS DE PESSOAL REQUISITADO,28601556.64,2020,Fortaleza
40,SERVIÇOS DE TECNOLOGIA DA INFORMAÇÃO E COMUNICAÇÃO  PESSOA JURÍDICA,22456051.59,2020,Fortaleza
35,SERVIÇOS DE CONSULTORIA,11949791.96,2020,Fortaleza
61,AQUISIÇÃO DE IMÓVEIS,11094534.81,2020,Fortaleza
22,OUTROS ENCARGOS SOBRE A DÍVIDA POR CONTRATO,7976761.65,2020,Fortaleza
42,AUXÍLIOS,7658722.52,2020,Fortaleza
31,"PREMIAÇÕES CULTURAIS, ARTÍSTICAS, CIENTÍFICAS, DESPORTIVAS E OUTRAS",3374999.04,2020,Fortaleza
94,INDENIZAÇÕES E RESTITUIÇÕES TRABALHISTAS,3065738.57,2020,Fortaleza
81,DISTRIBUIÇÃO CONSTITUCIONAL OU LEGAL DE RECEITAS,2808676.61,2020,Fortaleza
16,OUTRAS DESPESAS VARIÁVEIS - PESSOAL CIVIL,1376496.65,2020,Fortaleza
33,PASSAGENS E DESPESAS COM LOCOMOÇÃO,806999.61,2020,Fortaleza
66,CONCESSÃO DE EMPRÉSTIMOS E FINANCIAMENTOS,773441.08,2020,Fortaleza
08,OUTROS BENEFÍCIOS ASSISTENCIAIS DO SERVIDOR E DO MILITAR,673798.14,2020,Fortaleza
14,DIÁRIAS - CIVIL,457125.32,2020,Fortaleza
45,SUBVENÇÕES ECONÔMICAS,368838.29,2020,Fortaleza
20,AUXÍLIO FINANCEIRO A PESQUISADORES,310916.67,2020,Fortaleza
18,AUXÍLIO FINANCEIRO A ESTUDANTES,72400.0,2020,Fortaleza
05,OUTROS BENEFÍCIOS PREVIDENCIÁRIOS DO SERVIDOR OU DO MILITAR,60584.76,2020,Fortaleza
39,OUTROS SERVIÇOS DE TERCEIROS - PESSOA JURÍDICA,62469605.55,2007,Sobral
11,VENCIMENTOS E VANTAGENS FIXAS - PESSOAL CIVIL,37527065.15,2007,Sobral
34,OUTRAS DESPESAS DE PESSOAL DECORRENTES DE CONTRATOS DE TERCEIRIZAÇÃO,26125458.98,2007,Sobral
51,OBRAS E INSTALAÇÕES,19515757.15,2007,Sobral
30,MATERIAL DE CONSUMO,13175018.45,2007,Sobral
13,OBRIGAÇÕES PATRONAIS,8022161.82,2007,Sobral
36,OUTROS SERVIÇOS DE TERCEIROS - PESSOA FÍSICA,7091588.18,2007,Sobral
71,PRINCIPAL DA DÍVIDA CONTRATUAL RESGATADO,2823619.38,2007,Sobral
47,OBRIGAÇÕES TRIBUTÁRIAS E CONTRIBUTIVAS,2685862.01,2007,Sobral
32,"MATERIAL, BEM OU SERVIÇO PARA DISTRIBUIÇÃO GRATUITA",1796639.42,2007,Sobral
52,EQUIPAMENTOS E MATERIAL PERMANENTE,1402332.48,2007,Sobral
93,INDENIZAÇÕES E RESTITUIÇÕES,984311.48,2007,Sobral
04,CONTRATAÇÃO POR TEMPO DETERMINADO,949295.54,2007,Sobral
01,"APOSENTADORIAS DO RPPS, RESERVA REMUNERADA E REFORMAS DOS MILITARES",627430.09,2007,Sobral
33,PASSAGENS E DESPESAS COM LOCOMOÇÃO,555842.8,2007,Sobral
35,SERVIÇOS DE CONSULTORIA,329494.52,2007,Sobral
16,OUTRAS DESPESAS VARIÁVEIS - PESSOAL CIVIL,293560.98,2007,Sobral
14,DIÁRIAS - CIVIL,255995.0,2007,Sobral
91,SENTENÇAS JUDICIAIS,148409.22,2007,Sobral
96,RESSARCIMENTO DE DESPESAS DE PESSOAL REQUISITADO,127767.26,2007,Sobral
03,PENSÕES DO RPPS E DO MILITAR,116615.37,2007,Sobral
41,CONTRIBUIÇÕES,111000.0,2007,Sobral
37,LOCAÇÃO DE MÃO-DE-OBRA,105713.75,2007,Sobral
92,DESPESAS DE EXERCÍCIOS ANTERIORES,50901.16,2007,Sobral
94,INDENIZAÇÕES E RESTITUIÇÕES TRABALHISTAS,16714.38,2007,Sobral
39,OUTROS SERVIÇOS DE TERCEIROS - PESSOA JURÍDICA,83444786.05,2008,Sobral
11,VENCIMENTOS E VANTAGENS FIXAS - PESSOAL CIVIL,42827967.03,2008,Sobral
34,OUTRAS DESPESAS DE PESSOAL DECORRENTES DE CONTRATOS DE TERCEIRIZAÇÃO,33341156.41,2008,Sobral
51,OBRAS E INSTALAÇÕES,31533013.58,2008,Sobral
30,MATERIAL DE CONSUMO,18243356.06,2008,Sobral
36,OUTROS SERVIÇOS DE TERCEIROS - PESSOA FÍSICA,10563175.33,2008,Sobral
13,OBRIGAÇÕES PATRONAIS,10444676.78,2008,Sobral
52,EQUIPAMENTOS E MATERIAL PERMANENTE,3156695.49,2008,Sobral
47,OBRIGAÇÕES TRIBUTÁRIAS E CONTRIBUTIVAS,2980326.99,2008,Sobral
71,PRINCIPAL DA DÍVIDA CONTRATUAL RESGATADO,2722650.97,2008,Sobral
32,"MATERIAL, BEM OU SERVIÇO PARA DISTRIBUIÇÃO GRATUITA",1433237.98,2008,Sobral
01,"APOSENTADORIAS DO RPPS, RESERVA REMUNERADA E REFORMAS DOS MILITARES",574318.71,2008,Sobral
33,PASSAGENS E DESPESAS COM LOCOMOÇÃO,533337.51,2008,Sobral
14,DIÁRIAS - CIVIL,345480.0,2008,Sobral
35,SERVIÇOS DE CONSULTORIA,332842.54,2008,Sobral
96,RESSARCIMENTO DE DESPESAS DE PESSOAL REQUISITADO,231891.07,2008,Sobral
03,PENSÕES DO RPPS E DO MILITAR,228237.3,2008,Sobral
16,OUTRAS DESPESAS VARIÁVEIS - PESSOAL CIVIL,212354.9,2008,Sobral
04,CONTRATAÇÃO POR TEMPO DETERMINADO,198180.23,2008,Sobral
93,INDENIZAÇÕES E RESTITUIÇÕES,147620.39,2008,Sobral
37,LOCAÇÃO DE MÃO-DE-OBRA,127272.94,2008,Sobral
41,CONTRIBUIÇÕES,107520.0,2008,Sobral
94,INDENIZAÇÕES E RESTITUIÇÕES TRABALHISTAS,78196.84,2008,Sobral
91,SENTENÇAS JUDICIAIS,48801.21,2008,Sobral
92,DESPESAS DE EXERCÍCIOS ANTERIORES,26129.82,2008,Sobral
39,OUTROS SERVIÇOS DE TERCEIROS - PESSOA JURÍDICA,96673096.64,2009,Sobral
34,OUTRAS DESPESAS DE PESSOAL DECORRENTES DE CONTRATOS DE TERCEIRIZAÇÃO,45108140.17,2009,Sobral
11,VENCIMENTOS E VANTAGENS FIXAS - PESSOAL CIVIL,44448400.71,2009,Sobral
51,OBRAS E INSTALAÇÕES,24888514.24,2009,Sobral
30,MATERIAL DE CONSUMO,19782070.03,2009,Sobral
13,OBRIGAÇÕES PATRONAIS,14002935.18,2009,Sobral
36,OUTROS SERVIÇOS DE TERCEIROS - PESSOA FÍSICA,12269815.41,2009,Sobral
52,EQUIPAMENTOS E MATERIAL PERMANENTE,3518286.58,2009,Sobral
47,OBRIGAÇÕES TRIBUTÁRIAS E CONTRIBUTIVAS,2882080.58,2009,Sobral
71,PRINCIPAL DA DÍVIDA CONTRATUAL RESGATADO,2208633.27,2009,Sobral
32,"MATERIAL, BEM OU SERVIÇO PARA DISTRIBUIÇÃO GRATUITA",1613572.3,2009,Sobral
01,"APOSENTADORIAS DO RPPS, RESERVA REMUNERADA E REFORMAS DOS MILITARES",577798.44,2009,Sobral
35,SERVIÇOS DE CONSULTORIA,387335.5,2009,Sobral
93,INDENIZAÇÕES E RESTITUIÇÕES,359806.07,2009,Sobral
33,PASSAGENS E DESPESAS COM LOCOMOÇÃO,349093.88,2009,Sobral
94,INDENIZAÇÕES E RESTITUIÇÕES TRABALHISTAS,298900.67,2009,Sobral
14,DIÁRIAS - CIVIL,236335.0,2009,Sobral
16,OUTRAS DESPESAS VARIÁVEIS - PESSOAL CIVIL,210868.23,2009,Sobral
92,DESPESAS DE EXERCÍCIOS ANTERIORES,151658.62,2009,Sobral
37,LOCAÇÃO DE MÃO-DE-OBRA,145077.46,2009,Sobral
03,PENSÕES DO RPPS E DO MILITAR,140974.55,2009,Sobral
41,CONTRIBUIÇÕES,116150.0,2009,Sobral
96,RESSARCIMENTO DE DESPESAS DE PESSOAL REQUISITADO,113827.19,2009,Sobral
91,SENTENÇAS JUDICIAIS,7081.39,2009,Sobral
39,OUTROS SERVIÇOS DE TERCEIROS - PESSOA JURÍDICA,107601371.52,2010,Sobral
11,VENCIMENTOS E VANTAGENS FIXAS - PESSOAL CIVIL,51914024.98,2010,Sobral
34,OUTRAS DESPESAS DE PESSOAL DECORRENTES DE CONTRATOS DE TERCEIRIZAÇÃO,49975853.87,2010,Sobral
51,OBRAS E INSTALAÇÕES,29549497.18,2010,Sobral
30,MATERIAL DE CONSUMO,22963071.91,2010,Sobral
13,OBRIGAÇÕES PATRONAIS,16282075.94,2010,Sobral
36,OUTROS SERVIÇOS DE TERCEIROS - PESSOA FÍSICA,13863871.84,2010,Sobral
71,PRINCIPAL DA DÍVIDA CONTRATUAL RESGATADO,3953022.44,2010,Sobral
47,OBRIGAÇÕES TRIBUTÁRIAS E CONTRIBUTIVAS,3290565.71,2010,Sobral
52,EQUIPAMENTOS E MATERIAL PERMANENTE,2695209.16,2010,Sobral
32,"MATERIAL, BEM OU SERVIÇO PARA DISTRIBUIÇÃO GRATUITA",1632122.34,2010,Sobral
01,"APOSENTADORIAS DO RPPS, RESERVA REMUNERADA E REFORMAS DOS MILITARES",532666.5,2010,Sobral
14,DIÁRIAS - CIVIL,265220.0,2010,Sobral
16,OUTRAS DESPESAS VARIÁVEIS - PESSOAL CIVIL,257459.5,2010,Sobral
35,SERVIÇOS DE CONSULTORIA,225803.0,2010,Sobral
96,RESSARCIMENTO DE DESPESAS DE PESSOAL REQUISITADO,202918.72,2010,Sobral
33,PASSAGENS E DESPESAS COM LOCOMOÇÃO,171733.17,2010,Sobral
92,DESPESAS DE EXERCÍCIOS ANTERIORES,149455.86,2010,Sobral
03,PENSÕES DO RPPS E DO MILITAR,136801.59,2010,Sobral
37,LOCAÇÃO DE MÃO-DE-OBRA,134904.1,2010,Sobral
94,INDENIZAÇÕES E RESTITUIÇÕES TRABALHISTAS,132902.94,2010,Sobral
41,CONTRIBUIÇÕES,89650.0,2010,Sobral
93,INDENIZAÇÕES E RESTITUIÇÕES,64776.54,2010,Sobral
91,SENTENÇAS JUDICIAIS,9975.79,2010,Sobral
39,OUTROS SERVIÇOS DE TERCEIROS - PESSOA JURÍDICA,112116110.98,2011,Sobral
34,OUTRAS DESPESAS DE PESSOAL DECORRENTES DE CONTRATOS DE TERCEIRIZAÇÃO,63554774.39,2011,Sobral
11,VENCIMENTOS E VANTAGENS FIXAS - PESSOAL CIVIL,59808257.09,2011,Sobral
51,OBRAS E INSTALAÇÕES,21650565.53,2011,Sobral
30,MATERIAL DE CONSUMO,21552297.27,2011,Sobral
13,OBRIGAÇÕES PATRONAIS,19920337.87,2011,Sobral
36,OUTROS SERVIÇOS DE TERCEIROS - PESSOA FÍSICA,15185740.39,2011,Sobral
71,PRINCIPAL DA DÍVIDA CONTRATUAL RESGATADO,4901679.0,2011,Sobral
47,OBRIGAÇÕES TRIBUTÁRIAS E CONTRIBUTIVAS,3492618.31,2011,Sobral
52,EQUIPAMENTOS E MATERIAL PERMANENTE,2166252.72,2011,Sobral
91,SENTENÇAS JUDICIAIS,900132.79,2011,Sobral
96,RESSARCIMENTO DE DESPESAS DE PESSOAL REQUISITADO,730253.53,2011,Sobral
32,"MATERIAL, BEM OU SERVIÇO PARA DISTRIBUIÇÃO GRATUITA",591976.54,2011,Sobral
01,"APOSENTADORIAS DO RPPS, RESERVA REMUNERADA E REFORMAS DOS MILITARES",553964.19,2011,Sobral
92,DESPESAS DE EXERCÍCIOS ANTERIORES,436905.67,2011,Sobral
16,OUTRAS DESPESAS VARIÁVEIS - PESSOAL CIVIL,353480.4,2011,Sobral
33,PASSAGENS E DESPESAS COM LOCOMOÇÃO,295135.0,2011,Sobral
14,DIÁRIAS - CIVIL,233709.5,2011,Sobral
94,INDENIZAÇÕES E RESTITUIÇÕES TRABALHISTAS,192317.0,2011,Sobral
03,PENSÕES DO RPPS E DO MILITAR,166244.01,2011,Sobral
37,LOCAÇÃO DE MÃO-DE-OBRA,163715.82,2011,Sobral
35,SERVIÇOS DE CONSULTORIA,129735.58,2011,Sobral
93,INDENIZAÇÕES E RESTITUIÇÕES,98707.74,2011,Sobral
41,CONTRIBUIÇÕES,69450.0,2011,Sobral
39,OUTROS SERVIÇOS DE TERCEIROS - PESSOA JURÍDICA,141959527.51,2012,Sobral
11,VENCIMENTOS E VANTAGENS FIXAS - PESSOAL CIVIL,70424519.8,2012,Sobral
34,OUTRAS DESPESAS DE PESSOAL DECORRENTES DE CONTRATOS DE TERCEIRIZAÇÃO,70413924.62,2012,Sobral
51,OBRAS E INSTALAÇÕES,31674676.45,2012,Sobral
13,OBRIGAÇÕES PATRONAIS,23437529.66,2012,Sobral
36,OUTROS SERVIÇOS DE TERCEIROS - PESSOA FÍSICA,21114843.36,2012,Sobral
30,MATERIAL DE CONSUMO,18713405.13,2012,Sobral
71,PRINCIPAL DA DÍVIDA CONTRATUAL RESGATADO,5080404.74,2012,Sobral
47,OBRIGAÇÕES TRIBUTÁRIAS E CONTRIBUTIVAS,3944705.07,2012,Sobral
52,EQUIPAMENTOS E MATERIAL PERMANENTE,3472900.84,2012,Sobral
96,RESSARCIMENTO DE DESPESAS DE PESSOAL REQUISITADO,1203888.56,2012,Sobral
01,"APOSENTADORIAS DO RPPS, RESERVA REMUNERADA E REFORMAS DOS MILITARES",670503.17,2012,Sobral
32,"MATERIAL, BEM OU SERVIÇO PARA DISTRIBUIÇÃO GRATUITA",609617.79,2012,Sobral
91,SENTENÇAS JUDICIAIS,539706.73,2012,Sobral
35,SERVIÇOS DE CONSULTORIA,466972.64,2012,Sobral
16,OUTRAS DESPESAS VARIÁVEIS - PESSOAL CIVIL,362415.32,2012,Sobral
94,INDENIZAÇÕES E RESTITUIÇÕES TRABALHISTAS,297367.33,2012,Sobral
14,DIÁRIAS - CIVIL,269664.86,2012,Sobral
33,PASSAGENS E DESPESAS COM LOCOMOÇÃO,255596.05,2012,Sobral
37,LOCAÇÃO DE MÃO-DE-OBRA,223504.01,2012,Sobral
03,PENSÕES DO RPPS E DO MILITAR,192702.9,2012,Sobral
93,INDENIZAÇÕES E RESTITUIÇÕES,147840.45,2012,Sobral
41,CONTRIBUIÇÕES,73200.0,2012,Sobral
92,DESPESAS DE EXERCÍCIOS ANTERIORES,30905.46,2012,Sobral
39,OUTROS SERVIÇOS DE TERCEIROS - PESSOA JURÍDICA,151084377.16,2013,Sobral
11,VENCIMENTOS E VANTAGENS FIXAS - PESSOAL CIVIL,76217814.99,2013,Sobral
34,OUTRAS DESPESAS DE PESSOAL DECORRENTES DE CONTRATOS DE TERCEIRIZAÇÃO,74296864.12,2013,Sobral
51,OBRAS E INSTALAÇÕES,37761105.96,2013,Sobral
13,OBRIGAÇÕES PATRONAIS,22756177.15,2013,Sobral
30,MATERIAL DE CONSUMO,22219638.52,2013,Sobral
36,OUTROS SERVIÇOS DE TERCEIROS - PESSOA FÍSICA,19103143.57,2013,Sobral
71,PRINCIPAL DA DÍVIDA CONTRATUAL RESGATADO,6844081.44,2013,Sobral
52,EQUIPAMENTOS E MATERIAL PERMANENTE,5974145.01,2013,Sobral
47,OBRIGAÇÕES TRIBUTÁRIAS E CONTRIBUTIVAS,4416676.55,2013,Sobral
96,RESSARCIMENTO DE DESPESAS DE PESSOAL REQUISITADO,2349485.52,2013,Sobral
94,INDENIZAÇÕES E RESTITUIÇÕES TRABALHISTAS,990534.7,2013,Sobral
01,"APOSENTADORIAS DO RPPS, RESERVA REMUNERADA E REFORMAS DOS MILITARES",654940.92,2013,Sobral
93,INDENIZAÇÕES E RESTITUIÇÕES,515780.94,2013,Sobral
16,OUTRAS DESPESAS VARIÁVEIS - PESSOAL CIVIL,509371.52,2013,Sobral
41,CONTRIBUIÇÕES,304423.69,2013,Sobral
37,LOCAÇÃO DE MÃO-DE-OBRA,302793.24,2013,Sobral
33,PASSAGENS E DESPESAS COM LOCOMOÇÃO,299232.06,2013,Sobral
14,DIÁRIAS - CIVIL,268214.0,2013,Sobral
32,"MATERIAL, BEM OU SERVIÇO PARA DISTRIBUIÇÃO GRATUITA",264307.09,2013,Sobral
91,SENTENÇAS JUDICIAIS,208086.1,2013,Sobral
03,PENSÕES DO RPPS E DO MILITAR,203602.7,2013,Sobral
92,DESPESAS DE EXERCÍCIOS ANTERIORES,119809.94,2013,Sobral
43,SUBVENÇÕES SOCIAIS,45436.02,2013,Sobral
35,SERVIÇOS DE CONSULTORIA,34435.5,2013,Sobral
39,OUTROS SERVIÇOS DE TERCEIROS - PESSOA JURÍDICA,174151015.28,2014,Sobral
34,OUTRAS DESPESAS DE PESSOAL DECORRENTES DE CONTRATOS DE TERCEIRIZAÇÃO,85048912.78,2014,Sobral
11,VENCIMENTOS E VANTAGENS FIXAS - PESSOAL CIVIL,81960499.03,2014,Sobral
30,MATERIAL DE CONSUMO,30841989.02,2014,Sobral
13,OBRIGAÇÕES PATRONAIS,26165640.91,2014,Sobral
51,OBRAS E INSTALAÇÕES,25837778.75,2014,Sobral
36,OUTROS SERVIÇOS DE TERCEIROS - PESSOA FÍSICA,19745141.18,2014,Sobral
52,EQUIPAMENTOS E MATERIAL PERMANENTE,6903570.82,2014,Sobral
71,PRINCIPAL DA DÍVIDA CONTRATUAL RESGATADO,6552203.5,2014,Sobral
47,OBRIGAÇÕES TRIBUTÁRIAS E CONTRIBUTIVAS,4482173.59,2014,Sobral
96,RESSARCIMENTO DE DESPESAS DE PESSOAL REQUISITADO,1298502.02,2014,Sobral
32,"MATERIAL, BEM OU SERVIÇO PARA DISTRIBUIÇÃO GRATUITA",716086.81,2014,Sobral
33,PASSAGENS E DESPESAS COM LOCOMOÇÃO,695351.29,2014,Sobral
01,"APOSENTADORIAS DO RPPS, RESERVA REMUNERADA E REFORMAS DOS MILITARES",685587.12,2014,Sobral
16,OUTRAS DESPESAS VARIÁVEIS - PESSOAL CIVIL,600000.0,2014,Sobral
94,INDENIZAÇÕES E RESTITUIÇÕES TRABALHISTAS,523891.11,2014,Sobral
37,LOCAÇÃO DE MÃO-DE-OBRA,523278.34,2014,Sobral
93,INDENIZAÇÕES E RESTITUIÇÕES,472402.94,2014,Sobral
91,SENTENÇAS JUDICIAIS,427937.01,2014,Sobral
14,DIÁRIAS - CIVIL,225837.5,2014,Sobral
03,PENSÕES DO RPPS E DO MILITAR,211152.72,2014,Sobral
92,DESPESAS DE EXERCÍCIOS ANTERIORES,133734.33,2014,Sobral
48,OUTROS AUXÍLIOS FINANCEIROS A PESSOAS FÍSICAS,66500.0,2014,Sobral
43,SUBVENÇÕES SOCIAIS,43118.4,2014,Sobral
35,SERVIÇOS DE CONSULTORIA,32200.0,2014,Sobral
41,CONTRIBUIÇÕES,27500.0,2014,Sobral
39,OUTROS SERVIÇOS DE TERCEIROS - PESSOA JURÍDICA,182455748.88,2015,Sobral
34,OUTRAS DESPESAS DE PESSOAL DECORRENTES DE CONTRATOS DE TERCEIRIZAÇÃO,105252869.23,2015,Sobral
11,VENCIMENTOS E VANTAGENS FIXAS - PESSOAL CIVIL,94254436.13,2015,Sobral
30,MATERIAL DE CONSUMO,34598952.53,2015,Sobral
13,OBRIGAÇÕES PATRONAIS,30357520.33,2015,Sobral
36,OUTROS SERVIÇOS DE TERCEIROS - PESSOA FÍSICA,19659425.79,2015,Sobral
51,OBRAS E INSTALAÇÕES,17049450.49,2015,Sobral
71,PRINCIPAL DA DÍVIDA CONTRATUAL RESGATADO,6990503.9,2015,Sobral
52,EQUIPAMENTOS E MATERIAL PERMANENTE,5390612.37,2015,Sobral
47,OBRIGAÇÕES TRIBUTÁRIAS E CONTRIBUTIVAS,5058890.98,2015,Sobral
91,SENTENÇAS JUDICIAIS,2526031.64,2015,Sobral
46,AUXÍLIO-ALIMENTAÇÃO,1814535.33,2015,Sobral
37,LOCAÇÃO DE MÃO-DE-OBRA,1512078.57,2015,Sobral
32,"MATERIAL, BEM OU SERVIÇO PARA DISTRIBUIÇÃO GRATUITA",946815.73,2015,Sobral
92,DESPESAS DE EXERCÍCIOS ANTERIORES,916784.0,2015,Sobral
96,RESSARCIMENTO DE DESPESAS DE PESSOAL REQUISITADO,745770.95,2015,Sobral
93,INDENIZAÇÕES E RESTITUIÇÕES,696960.68,2015,Sobral
01,"APOSENTADORIAS DO RPPS, RESERVA REMUNERADA E REFORMAS DOS MILITARES",662111.32,2015,Sobral
16,OUTRAS DESPESAS VARIÁVEIS - PESSOAL CIVIL,579936.24,2015,Sobral
33,PASSAGENS E DESPESAS COM LOCOMOÇÃO,467625.3,2015,Sobral
94,INDENIZAÇÕES E RESTITUIÇÕES TRABALHISTAS,397168.46,2015,Sobral
03,PENSÕES DO RPPS E DO MILITAR,238170.55,2015,Sobral
14,DIÁRIAS - CIVIL,120342.29,2015,Sobral
48,OUTROS AUXÍLIOS FINANCEIROS A PESSOAS FÍSICAS,111600.0,2015,Sobral
35,SERVIÇOS DE CONSULTORIA,97070.0,2015,Sobral
43,SUBVENÇÕES SOCIAIS,56732.0,2015,Sobral
21,JUROS SOBRE A DÍVIDA POR CONTRATO,10437.78,2015,Sobral
39,OUTROS SERVIÇOS DE TERCEIROS - PESSOA JURÍDICA,198465375.93,2016,Sobral
34,OUTRAS DESPESAS DE PESSOAL DECORRENTES DE CONTRATOS DE TERCEIRIZAÇÃO,124358147.25,2016,Sobral
11,VENCIMENTOS E VANTAGENS FIXAS - PESSOAL CIVIL,95863930.25,2016,Sobral
13,OBRIGAÇÕES PATRONAIS,34752234.06,2016,Sobral
30,MATERIAL DE CONSUMO,34003059.17,2016,Sobral
51,OBRAS E INSTALAÇÕES,19662162.01,2016,Sobral
36,OUTROS SERVIÇOS DE TERCEIROS - PESSOA FÍSICA,16686756.69,2016,Sobral
71,PRINCIPAL DA DÍVIDA CONTRATUAL RESGATADO,5948097.43,2016,Sobral
47,OBRIGAÇÕES TRIBUTÁRIAS E CONTRIBUTIVAS,4837641.25,2016,Sobral
92,DESPESAS DE EXERCÍCIOS ANTERIORES,3216573.0,2016,Sobral
52,EQUIPAMENTOS E MATERIAL PERMANENTE,3052112.78,2016,Sobral
96,RESSARCIMENTO DE DESPESAS DE PESSOAL REQUISITADO,2233162.7,2016,Sobral
46,AUXÍLIO-ALIMENTAÇÃO,2047374.31,2016,Sobral
37,LOCAÇÃO DE MÃO-DE-OBRA,1423064.89,2016,Sobral
35,SERVIÇOS DE CONSULTORIA,916292.8,2016,Sobral
01,"APOSENTADORIAS DO RPPS, RESERVA REMUNERADA E REFORMAS DOS MILITARES",825781.35,2016,Sobral
91,SENTENÇAS JUDICIAIS,715986.53,2016,Sobral
94,INDENIZAÇÕES E RESTITUIÇÕES TRABALHISTAS,679408.45,2016,Sobral
32,"MATERIAL, BEM OU SERVIÇO PARA DISTRIBUIÇÃO GRATUITA",643936.25,2016,Sobral
16,OUTRAS DESPESAS VARIÁVEIS - PESSOAL CIVIL,437258.49,2016,Sobral
93,INDENIZAÇÕES E RESTITUIÇÕES,338735.82,2016,Sobral
33,PASSAGENS E DESPESAS COM LOCOMOÇÃO,268033.99,2016,Sobral
03,PENSÕES DO RPPS E DO MILITAR,249327.58,2016,Sobral
48,OUTROS AUXÍLIOS FINANCEIROS A PESSOAS FÍSICAS,135232.75,2016,Sobral
14,DIÁRIAS - CIVIL,84272.75,2016,Sobral
39,OUTROS SERVIÇOS DE TERCEIROS - PESSOA JURÍDICA,199223848.99,2017,Sobral
34,OUTRAS DESPESAS DE PESSOAL DECORRENTES DE CONTRATOS DE TERCEIRIZAÇÃO,108562909.85,2017,Sobral
11,VENCIMENTOS E VANTAGENS FIXAS - PESSOAL CIVIL,105600156.7,2017,Sobral
13,OBRIGAÇÕES PATRONAIS,34614271.9,2017,Sobral
30,MATERIAL DE CONSUMO,28657973.76,2017,Sobral
51,OBRAS E INSTALAÇÕES,25473321.43,2017,Sobral
37,LOCAÇÃO DE MÃO-DE-OBRA,11841873.21,2017,Sobral
36,OUTROS SERVIÇOS DE TERCEIROS - PESSOA FÍSICA,10860792.71,2017,Sobral
52,EQUIPAMENTOS E MATERIAL PERMANENTE,5654156.91,2017,Sobral
47,OBRIGAÇÕES TRIBUTÁRIAS E CONTRIBUTIVAS,4687901.87,2017,Sobral
71,PRINCIPAL DA DÍVIDA CONTRATUAL RESGATADO,3873576.38,2017,Sobral
04,CONTRATAÇÃO POR TEMPO DETERMINADO,3239434.7,2017,Sobral
96,RESSARCIMENTO DE DESPESAS DE PESSOAL REQUISITADO,2348883.57,2017,Sobral
92,DESPESAS DE EXERCÍCIOS ANTERIORES,2124446.95,2017,Sobral
46,AUXÍLIO-ALIMENTAÇÃO,1785739.75,2017,Sobral
93,INDENIZAÇÕES E RESTITUIÇÕES,1689277.26,2017,Sobral
41,CONTRIBUIÇÕES,1155100.89,2017,Sobral
94,INDENIZAÇÕES E RESTITUIÇÕES TRABALHISTAS,990775.71,2017,Sobral
01,"APOSENTADORIAS DO RPPS, RESERVA REMUNERADA E REFORMAS DOS MILITARES",828694.14,2017,Sobral
32,"MATERIAL, BEM OU SERVIÇO PARA DISTRIBUIÇÃO GRATUITA",693447.31,2017,Sobral
91,SENTENÇAS JUDICIAIS,638129.97,2017,Sobral
16,OUTRAS DESPESAS VARIÁVEIS - PESSOAL CIVIL,414742.34,2017,Sobral
03,PENSÕES DO RPPS E DO MILITAR,284804.05,2017,Sobral
48,OUTROS AUXÍLIOS FINANCEIROS A PESSOAS FÍSICAS,153300.0,2017,Sobral
43,SUBVENÇÕES SOCIAIS,153000.0,2017,Sobral
33,PASSAGENS E DESPESAS COM LOCOMOÇÃO,79971.34,2017,Sobral
14,DIÁRIAS - CIVIL,73479.24,2017,Sobral
35,SERVIÇOS DE CONSULTORIA,30000.0,2017,Sobral
39,OUTROS SERVIÇOS DE TERCEIROS - PESSOA JURÍDICA,241151812.43,2018,Sobral
11,VENCIMENTOS E VANTAGENS FIXAS - PESSOAL CIVIL,129431092.31,2018,Sobral
13,OBRIGAÇÕES PATRONAIS,39262735.11,2018,Sobral
04,CONTRATAÇÃO POR TEMPO DETERMINADO,37950832.45,2018,Sobral
34,OUTRAS DESPESAS DE PESSOAL DECORRENTES DE CONTRATOS DE TERCEIRIZAÇÃO,37013750.28,2018,Sobral
51,OBRAS E INSTALAÇÕES,30131237.73,2018,Sobral
30,MATERIAL DE CONSUMO,30042595.49,2018,Sobral
37,LOCAÇÃO DE MÃO-DE-OBRA,25433040.19,2018,Sobral
36,OUTROS SERVIÇOS DE TERCEIROS - PESSOA FÍSICA,11008544.08,2018,Sobral
52,EQUIPAMENTOS E MATERIAL PERMANENTE,9390725.89,2018,Sobral
93,INDENIZAÇÕES E RESTITUIÇÕES,9239069.16,2018,Sobral
91,SENTENÇAS JUDICIAIS,5947396.07,2018,Sobral
71,PRINCIPAL DA DÍVIDA CONTRATUAL RESGATADO,3892044.72,2018,Sobral
47,OBRIGAÇÕES TRIBUTÁRIAS E CONTRIBUTIVAS,3349498.0,2018,Sobral
96,RESSARCIMENTO DE DESPESAS DE PESSOAL REQUISITADO,2686173.16,2018,Sobral
48,OUTROS AUXÍLIOS FINANCEIROS A PESSOAS FÍSICAS,1868131.99,2018,Sobral
46,AUXÍLIO-ALIMENTAÇÃO,1862637.46,2018,Sobral
70,RATEIO PELA PARTICIPAÇÃO EM CONSÓRCIO PÚBLICO,1861941.44,2018,Sobral
41,CONTRIBUIÇÕES,1689822.04,2018,Sobral
92,DESPESAS DE EXERCÍCIOS ANTERIORES,1525077.64,2018,Sobral
32,"MATERIAL, BEM OU SERVIÇO PARA DISTRIBUIÇÃO GRATUITA",1428197.37,2018,Sobral
16,OUTRAS DESPESAS VARIÁVEIS - PESSOAL CIVIL,1156480.47,2018,Sobral
01,"APOSENTADORIAS DO RPPS, RESERVA REMUNERADA E REFORMAS DOS MILITARES",808969.38,2018,Sobral
94,INDENIZAÇÕES E RESTITUIÇÕES TRABALHISTAS,587108.72,2018,Sobral
42,AUXÍLIOS,348832.68,2018,Sobral
31,"PREMIAÇÕES CULTURAIS, ARTÍSTICAS, CIENTÍFICAS, DESPORTIVAS E OUTRAS",321041.23,2018,Sobral
03,PENSÕES DO RPPS E DO MILITAR,294312.18,2018,Sobral
33,PASSAGENS E DESPESAS COM LOCOMOÇÃO,182763.52,2018,Sobral
35,SERVIÇOS DE CONSULTORIA,157310.0,2018,Sobral
14,DIÁRIAS - CIVIL,100482.9,2018,Sobral
21,JUROS SOBRE A DÍVIDA POR CONTRATO,3033.2,2018,Sobral
39,OUTROS SERVIÇOS DE TERCEIROS - PESSOA JURÍDICA,251259969.93,2019,Sobral
11,VENCIMENTOS E VANTAGENS FIXAS - PESSOAL CIVIL,136757305.78,2019,Sobral
51,OBRAS E INSTALAÇÕES,48854356.49,2019,Sobral
04,CONTRATAÇÃO POR TEMPO DETERMINADO,43871954.08,2019,Sobral
13,OBRIGAÇÕES PATRONAIS,41797421.05,2019,Sobral
34,OUTRAS DESPESAS DE PESSOAL DECORRENTES DE CONTRATOS DE TERCEIRIZAÇÃO,39150684.56,2019,Sobral
30,MATERIAL DE CONSUMO,35151560.03,2019,Sobral
37,LOCAÇÃO DE MÃO-DE-OBRA,28394476.68,2019,Sobral
52,EQUIPAMENTOS E MATERIAL PERMANENTE,13066630.78,2019,Sobral
36,OUTROS SERVIÇOS DE TERCEIROS - PESSOA FÍSICA,8284850.4,2019,Sobral
91,SENTENÇAS JUDICIAIS,6812766.16,2019,Sobral
94,INDENIZAÇÕES E RESTITUIÇÕES TRABALHISTAS,6614419.29,2019,Sobral
47,OBRIGAÇÕES TRIBUTÁRIAS E CONTRIBUTIVAS,6613846.54,2019,Sobral
92,DESPESAS DE EXERCÍCIOS ANTERIORES,6415028.0,2019,Sobral
71,PRINCIPAL DA DÍVIDA CONTRATUAL RESGATADO,3881442.11,2019,Sobral
93,INDENIZAÇÕES E RESTITUIÇÕES,3855703.27,2019,Sobral
96,RESSARCIMENTO DE DESPESAS DE PESSOAL REQUISITADO,2692799.76,2019,Sobral
21,JUROS SOBRE A DÍVIDA POR CONTRATO,2596001.74,2019,Sobral
48,OUTROS AUXÍLIOS FINANCEIROS A PESSOAS FÍSICAS,2089233.43,2019,Sobral
46,AUXÍLIO-ALIMENTAÇÃO,2013890.75,2019,Sobral
70,RATEIO PELA PARTICIPAÇÃO EM CONSÓRCIO PÚBLICO,1781744.95,2019,Sobral
16,OUTRAS DESPESAS VARIÁVEIS - PESSOAL CIVIL,1283749.56,2019,Sobral
01,"APOSENTADORIAS DO RPPS, RESERVA REMUNERADA E REFORMAS DOS MILITARES",804326.9,2019,Sobral
41,CONTRIBUIÇÕES,489444.28,2019,Sobral
40,SERVIÇOS DE TECNOLOGIA DA INFORMAÇÃO E COMUNICAÇÃO  PESSOA JURÍDICA,489000.0,2019,Sobral
32,"MATERIAL, BEM OU SERVIÇO PARA DISTRIBUIÇÃO GRATUITA",310437.78,2019,Sobral
03,PENSÕES DO RPPS E DO MILITAR,298047.26,2019,Sobral
31,"PREMIAÇÕES CULTURAIS, ARTÍSTICAS, CIENTÍFICAS, DESPORTIVAS E OUTRAS",285006.74,2019,Sobral
33,PASSAGENS E DESPESAS COM LOCOMOÇÃO,224117.75,2019,Sobral
14,DIÁRIAS - CIVIL,102716.1,2019,Sobral
42,AUXÍLIOS,32082.67,2019,Sobral
35,SERVIÇOS DE CONSULTORIA,24000.0,2019,Sobral
39,OUTROS SERVIÇOS DE TERCEIROS - PESSOA JURÍDICA,281669953.67,2020,Sobral
11,VENCIMENTOS E VANTAGENS FIXAS - PESSOAL CIVIL,153567367.65,2020,Sobral
51,OBRAS E INSTALAÇÕES,75200792.26,2020,Sobral
04,CONTRATAÇÃO POR TEMPO DETERMINADO,44895140.53,2020,Sobral
13,OBRIGAÇÕES PATRONAIS,44628309.45,2020,Sobral
34,OUTRAS DESPESAS DE PESSOAL DECORRENTES DE CONTRATOS DE TERCEIRIZAÇÃO,41223027.4,2020,Sobral
30,MATERIAL DE CONSUMO,37340678.75,2020,Sobral
37,LOCAÇÃO DE MÃO-DE-OBRA,33071115.92,2020,Sobral
52,EQUIPAMENTOS E MATERIAL PERMANENTE,11700596.65,2020,Sobral
47,OBRIGAÇÕES TRIBUTÁRIAS E CONTRIBUTIVAS,7401764.51,2020,Sobral
93,INDENIZAÇÕES E RESTITUIÇÕES,7183485.66,2020,Sobral
91,SENTENÇAS JUDICIAIS,4048427.54,2020,Sobral
71,PRINCIPAL DA DÍVIDA CONTRATUAL RESGATADO,3469341.03,2020,Sobral
36,OUTROS SERVIÇOS DE TERCEIROS - PESSOA FÍSICA,3113087.69,2020,Sobral
94,INDENIZAÇÕES E RESTITUIÇÕES TRABALHISTAS,2852194.97,2020,Sobral
96,RESSARCIMENTO DE DESPESAS DE PESSOAL REQUISITADO,2443427.17,2020,Sobral
70,RATEIO PELA PARTICIPAÇÃO EM CONSÓRCIO PÚBLICO,2368124.23,2020,Sobral
21,JUROS SOBRE A DÍVIDA POR CONTRATO,2055688.46,2020,Sobral
32,"MATERIAL, BEM OU SERVIÇO PARA DISTRIBUIÇÃO GRATUITA",2055433.56,2020,Sobral
46,AUXÍLIO-ALIMENTAÇÃO,1997303.54,2020,Sobral
48,OUTROS AUXÍLIOS FINANCEIROS A PESSOAS FÍSICAS,1406811.37,2020,Sobral
16,OUTRAS DESPESAS VARIÁVEIS - PESSOAL CIVIL,1289037.35,2020,Sobral
92,DESPESAS DE EXERCÍCIOS ANTERIORES,877730.63,2020,Sobral
01,"APOSENTADORIAS DO RPPS, RESERVA REMUNERADA E REFORMAS DOS MILITARES",736733.33,2020,Sobral
41,CONTRIBUIÇÕES,516128.5,2020,Sobral
40,SERVIÇOS DE TECNOLOGIA DA INFORMAÇÃO E COMUNICAÇÃO  PESSOA JURÍDICA,499982.0,2020,Sobral
35,SERVIÇOS DE CONSULTORIA,338934.55,2020,Sobral
03,PENSÕES DO RPPS E DO MILITAR,299334.11,2020,Sobral
31,"PREMIAÇÕES CULTURAIS, ARTÍSTICAS, CIENTÍFICAS, DESPORTIVAS E OUTRAS",260669.78,2020,Sobral
43,SUBVENÇÕES SOCIAIS,237000.0,2020,Sobral
33,PASSAGENS E DESPESAS COM LOCOMOÇÃO,14093.85,2020,Sobral
14,DIÁRIAS - CIVIL,7335.0,2020,Sobral
